James,Mary,1
John,Patricia,2
Robert,Jennifer,3
Michael,Linda,4
William,Elizabeth,5
David,Barbara,6
Richard,Susan,7
Joseph,Jessica,8
Thomas,Sarah,9
Charles,Karen,10
Christopher,Nancy,11
Daniel,Margaret,12
Matthew,Lisa,13
Anthony,Betty,14
Donald,Dorothy,15
Mark,Sandra,16
Paul,Ashley,17
Steven,Kimberly,18
Andrew,Donna,19
Kenneth,Emily,20
Joshua,Michelle,21
George,Carol,22
Kevin,Amanda,23
Brian,Melissa,24
Edward,Deborah,25
Ronald,Stephanie,26
Timothy,Rebecca,27
Jason,Laura,28
Jeffrey,Sharon,29
Ryan,Cynthia,30
Jacob,Kathleen,31
Gary,Helen,32
Nicholas,Amy,33
Eric,Shirley,34
Stephen,Angela,35
Jonathan,Anna,36
Larry,Brenda,37
Justin,Pamela,38
Scott,Nicole,39
Brandon,Ruth,40
Frank,Katherine,41
Benjamin,Samantha,42
Gregory,Christine,43
Samuel,Emma,44
Raymond,Catherine,45
Patrick,Debra,46
Alexander,Virginia,47
Jack,Rachel,48
Dennis,Carolyn,49
Jerry,Janet,50
Tyler,Maria,51
Aaron,Heather,52
Jose,Diane,53
Henry,Julie,54
Douglas,Joyce,55
Adam,Victoria,56
Peter,Kelly,57
Nathan,Christina,58
Zachary,Joan,59
Walter,Evelyn,60
Kyle,Lauren,61
Harold,Judith,62
Carl,Olivia,63
Jeremy,Frances,64
Keith,Martha,65
Roger,Cheryl,66
Gerald,Megan,67
Ethan,Andrea,68
Arthur,Hannah,69
Terry,Jacqueline,70
Christian,Ann,71
Sean,Jean,72
Lawrence,Alice,73
Austin,Kathryn,74
Joe,Gloria,75
Noah,Teresa,76
Jesse,Doris,77
Albert,Sara,78
Bryan,Janice,79
Billy,Julia,80
Bruce,Marie,81
Willie,Madison,82
Jordan,Grace,83
Dylan,Judy,84
Alan,Theresa,85
Ralph,Beverly,86
Gabriel,Denise,87
Roy,Marilyn,88
Juan,Amber,89
Wayne,Danielle,90
Eugene,Abigail,91
Logan,Brittany,92
Randy,Rose,93
Louis,Diana,94
Russell,Natalie,95
Vincent,Sophia,96
Philip,Alexis,97
Bobby,Lori,98
Johnny,Kayla,99
Bradley,Jane,100